Workbook

Sheet Controle de Demandas
A1: 🎯 SISTEMA DE GERENCIAMENTO DE DEMANDAS - VERSÃO LIGHT
A2: ID | B2: Demanda | C2: Responsável | D2: Prioridade | E2: Status | F2: Data Abertura | G2: Prazo | H2: Data Conclusão | I2: Dias Decorridos | J2: Dias Restantes | K2: % Progresso | L2: Categoria | M2: Risco | N2: Saúde
A3: 1 | B3: Desenvolvimento do módulo de login | C3: João Silva | D3: Alta | E3: Em Andamento | F3: 45992 | G3: 46006 | I3: =TODAY()-F3 -> 9 | J3: =G3-TODAY() -> 5 | K3: 0.6 | L3: Desenvolvimento | M3: =IF(J3<0,"🔴 Alto",IF(J3<3,"🟡 Médio","🟢 Baixo")) -> 🟢 Baixo | N3: =SE(K3>=0.8,"🟢",SE(K3>=0.5,"🟡","🔴")) -> #NAME?
A4: 2 | B4: Correção de bugs no relatório | C4: Maria Santos | D4: Crítica | E4: Em Andamento | F4: 45996 | G4: 46003 | I4: =TODAY()-F4 -> 5 | J4: =G4-TODAY() -> 2 | K4: 0.85 | L4: Correção | M4: =SE(J4<0,"🔴 Alto",SE(J4<3,"🟡 Médio","🟢 Baixo")) -> #NAME? | N4: =SE(K4>=0.8,"🟢",SE(K4>=0.5,"🟡","🔴")) -> #NAME?
A5: 3 | B5: Implementar dashboard analytics | C5: Pedro Costa | D5: Média | E5: Planejada | F5: 45999 | G5: 46016 | I5: =TODAY()-F5 -> 2 | J5: =G5-TODAY() -> 15 | K5: 0.2 | L5: Desenvolvimento | M5: =SE(J5<0,"🔴 Alto",SE(J5<3,"🟡 Médio","🟢 Baixo")) -> #NAME? | N5: =SE(K5>=0.8,"🟢",SE(K5>=0.5,"🟡","🔴")) -> #NAME?
A6: 4 | B6: Atualização da documentação | C6: Ana Oliveira | D6: Baixa | E6: Concluída | F6: 45981 | G6: 45996 | H6: 45994 | I6: =TODAY()-F6 -> 20 | J6: =G6-TODAY() -> -5 | K6: 1 | L6: Documentação | M6: =SE(J6<0,"🔴 Alto",SE(J6<3,"🟡 Médio","🟢 Baixo")) -> #NAME? | N6: =SE(K6>=0.8,"🟢",SE(K6>=0.5,"🟡","🔴")) -> #NAME?
A7: 5 | B7: Teste de integração API | C7: Carlos Lima | D7: Alta | E7: Em Andamento | F7: 45998 | G7: 46005 | I7: =TODAY()-F7 -> 3 | J7: =G7-TODAY() -> 4 | K7: 0.45 | L7: Teste | M7: =SE(J7<0,"🔴 Alto",SE(J7<3,"🟡 Médio","🟢 Baixo")) -> #NAME? | N7: =SE(K7>=0.8,"🟢",SE(K7>=0.5,"🟡","🔴")) -> #NAME?
A8: 6 | B8: Migração de banco de dados | C8: João Silva | D8: Crítica | E8: Em Andamento | F8: 45994 | G8: 46004 | I8: =TODAY()-F8 -> 7 | J8: =G8-TODAY() -> 3 | K8: 0.7 | L8: Infraestrutura | M8: =SE(J8<0,"🔴 Alto",SE(J8<3,"🟡 Médio","🟢 Baixo")) -> #NAME? | N8: =SE(K8>=0.8,"🟢",SE(K8>=0.5,"🟡","🔴")) -> #NAME?
A9: 7 | B9: Implementação de autenticação 2FA | C9: Maria Santos | D9: Alta | E9: Planejada | F9: 46001 | G9: 46013 | I9: =TODAY()-F9 -> 0 | J9: =G9-TODAY() -> 12 | K9: 0.1 | L9: Desenvolvimento | M9: =SE(J9<0,"🔴 Alto",SE(J9<3,"🟡 Médio","🟢 Baixo")) -> #NAME? | N9: =SE(K9>=0.8,"🟢",SE(K9>=0.5,"🟡","🔴")) -> #NAME?
A10: 8 | B10: Análise de performance do sistema | C10: Pedro Costa | D10: Média | E10: Em Andamento | F10: 45997 | G10: 46009 | I10: =TODAY()-F10 -> 4 | J10: =G10-TODAY() -> 8 | K10: 0.55 | L10: Análise | M10: =SE(J10<0,"🔴 Alto",SE(J10<3,"🟡 Médio","🟢 Baixo")) -> #NAME? | N10: =SE(K10>=0.8,"🟢",SE(K10>=0.5,"🟡","🔴")) -> #NAME?
A11: 9 | B11: Criação de templates de email | C11: Ana Oliveira | D11: Baixa | E11: Concluída | F11: 45989 | G11: 45999 | H11: 45998 | I11: =TODAY()-F11 -> 12 | J11: =G11-TODAY() -> -2 | K11: 1 | L11: Documentação | M11: =SE(J11<0,"🔴 Alto",SE(J11<3,"🟡 Médio","🟢 Baixo")) -> #NAME? | N11: =SE(K11>=0.8,"🟢",SE(K11>=0.5,"🟡","🔴")) -> #NAME?
A12: 10 | B12: Configuração de ambiente de staging | C12: Carlos Lima | D12: Alta | E12: Bloqueada | F12: 45995 | G12: 46002 | I12: =TODAY()-F12 -> 6 | J12: =G12-TODAY() -> 1 | K12: 0.3 | L12: Infraestrutura | M12: =SE(J12<0,"🔴 Alto",SE(J12<3,"🟡 Médio","🟢 Baixo")) -> #NAME? | N12: =SE(K12>=0.8,"🟢",SE(K12>=0.5,"🟡","🔴")) -> #NAME?

Sheet Dashboard
A1: 📊 DASHBOARD INTELIGENTE - VISÃO EXECUTIVA
A3: 📅 Última atualização: 10/12/2025 15:27
A5: 🎯 KPIs PRINCIPAIS
A6: 📋 Total | B6: 🚀 Em Andamento | C6: ✅ Concluídas | D6: ⏸️ Bloqueadas | E6: ⚠️ Atrasadas | F6: 📈 Taxa Conclusão | G6: ⏱️ Prazo Médio | H6: 💯 Saúde Média
A7: =CONT.VALORES('Controle de Demandas'!A3:A100) -> #NAME? | B7: =CONT.SE('Controle de Demandas'!E:E,"Em Andamento") -> #NAME? | C7: =CONT.SE('Controle de Demandas'!E:E,"Concluída") -> #NAME? | D7: =CONT.SE('Controle de Demandas'!E:E,"Bloqueada") -> #NAME? | E7: =CONT.SE('Controle de Demandas'!J:J,"<0") -> #NAME? | F7: =SE(B6=0,"0%",TEXTO(D6/B6,"0%")) -> #NAME? | G7: =SE(B6=0,0,MÉDIA('Controle de Demandas'!J3:J12))&" dias" -> #NAME? | H7: =MÉDIA('Controle de Demandas'!K3:K12) -> #NAME?
A10: 🚨 ALERTAS E NOTIFICAÇÕES
A11: Tipo | B11: Demanda | C11: Responsável | D11: Status | E11: Ação Necessária
A12: 🔴 ATRASADA | B12: ='Controle de Demandas'!B3 -> Desenvolvimento do módulo de login | C12: ='Controle de Demandas'!C3 -> João Silva | D12: ='Controle de Demandas'!E3 -> Em Andamento | E12: Reprogramar ou acelerar
A13: 🟡 BLOQUEADA | B13: ='Controle de Demandas'!B12 -> Configuração de ambiente de staging | C13: ='Controle de Demandas'!C12 -> Carlos Lima | D13: ='Controle de Demandas'!E12 -> Bloqueada | E13: Resolver impedimento
A14: ⚠️ PRAZO CURTO | B14: ='Controle de Demandas'!B4 -> Correção de bugs no relatório | C14: ='Controle de Demandas'!C4 -> Maria Santos | D14: ='Controle de Demandas'!E4 -> Em Andamento | E14: Priorizar recurso
A17: Status | B17: Quantidade
A18: Planejada | B18: =CONT.SE('Controle de Demandas'!E:E,"Planejada") -> #NAME?
A19: Em Andamento | B19: =CONT.SE('Controle de Demandas'!E:E,"Em Andamento") -> #NAME?
A20: Concluída | B20: =CONT.SE('Controle de Demandas'!E:E,"Concluída") -> #NAME?
A21: Cancelada | B21: =CONT.SE('Controle de Demandas'!E:E,"Cancelada") -> #NAME?
A22: Bloqueada | B22: =CONT.SE('Controle de Demandas'!E:E,"Bloqueada") -> #NAME?
A25: Prioridade | B25: Quantidade
A26: Crítica | B26: =CONT.SE('Controle de Demandas'!D:D,"Crítica") -> #NAME?
A27: Alta | B27: =CONT.SE('Controle de Demandas'!D:D,"Alta") -> #NAME?
A28: Média | B28: =CONT.SE('Controle de Demandas'!D:D,"Média") -> #NAME?
A29: Baixa | B29: =CONT.SE('Controle de Demandas'!D:D,"Baixa") -> #NAME?
A48: Categoria | B48: Concluídas | C48: Em Andamento | D48: Pendentes | F48: Semana | G48: Concluídas | H48: Iniciadas
A49: Desenvolvimento | B49: =CONT.SES('Controle de Demandas'!L:L,"Desenvolvimento",'Controle de Demandas'!E:E,"Concluída") -> #NAME? | C49: =CONT.SES('Controle de Demandas'!L:L,"Desenvolvimento",'Controle de Demandas'!E:E,"Em Andamento") -> #NAME? | D49: =CONT.SES('Controle de Demandas'!L:L,"Desenvolvimento",'Controle de Demandas'!E:E,"Planejada") -> #NAME? | F49: Sem 1 | G49: 2 | H49: 3
A50: Correção | B50: =CONT.SES('Controle de Demandas'!L:L,"Correção",'Controle de Demandas'!E:E,"Concluída") -> #NAME? | C50: =CONT.SES('Controle de Demandas'!L:L,"Correção",'Controle de Demandas'!E:E,"Em Andamento") -> #NAME? | D50: =CONT.SES('Controle de Demandas'!L:L,"Correção",'Controle de Demandas'!E:E,"Planejada") -> #NAME? | F50: Sem 2 | G50: 3 | H50: 2
A51: Teste | B51: =CONT.SES('Controle de Demandas'!L:L,"Teste",'Controle de Demandas'!E:E,"Concluída") -> #NAME? | C51: =CONT.SES('Controle de Demandas'!L:L,"Teste",'Controle de Demandas'!E:E,"Em Andamento") -> #NAME? | D51: =CONT.SES('Controle de Demandas'!L:L,"Teste",'Controle de Demandas'!E:E,"Planejada") -> #NAME? | F51: Sem 3 | G51: 1 | H51: 4
A52: Documentação | B52: =CONT.SES('Controle de Demandas'!L:L,"Documentação",'Controle de Demandas'!E:E,"Concluída") -> #NAME? | C52: =CONT.SES('Controle de Demandas'!L:L,"Documentação",'Controle de Demandas'!E:E,"Em Andamento") -> #NAME? | D52: =CONT.SES('Controle de Demandas'!L:L,"Documentação",'Controle de Demandas'!E:E,"Planejada") -> #NAME? | F52: Sem 4 | G52: 2 | H52: 1
A53: Infraestrutura | B53: =CONT.SES('Controle de Demandas'!L:L,"Infraestrutura",'Controle de Demandas'!E:E,"Concluída") -> #NAME? | C53: =CONT.SES('Controle de Demandas'!L:L,"Infraestrutura",'Controle de Demandas'!E:E,"Em Andamento") -> #NAME? | D53: =CONT.SES('Controle de Demandas'!L:L,"Infraestrutura",'Controle de Demandas'!E:E,"Planejada") -> #NAME?
A54: Análise | B54: =CONT.SES('Controle de Demandas'!L:L,"Análise",'Controle de Demandas'!E:E,"Concluída") -> #NAME? | C54: =CONT.SES('Controle de Demandas'!L:L,"Análise",'Controle de Demandas'!E:E,"Em Andamento") -> #NAME? | D54: =CONT.SES('Controle de Demandas'!L:L,"Análise",'Controle de Demandas'!E:E,"Planejada") -> #NAME?

Sheet Análise de Riscos
A1: ⚠️ ANÁLISE DE RISCOS E SAÚDE DO PROJETO
A3: 🎯 MATRIZ DE RISCO (Impacto vs Urgência)
A4: ID | B4: Demanda | C4: Nível de Risco | D4: Dias Restantes | E4: % Progresso | F4: Recomendação
A5: ='Controle de Demandas'!A3 -> 1 | B5: ='Controle de Demandas'!B3 -> Desenvolvimento do módulo de login | C5: ='Controle de Demandas'!M3 -> 🟢 Baixo | D5: ='Controle de Demandas'!J3 -> 5 | E5: ='Controle de Demandas'!K3 -> 0.6 | F5: =SE(D5<0,"🔴 URGENTE: Reprogramar",SE(E5<0.3,"🟡 Acelerar execução","🟢 Monitorar")) -> #NAME?
A6: ='Controle de Demandas'!A4 -> 2 | B6: ='Controle de Demandas'!B4 -> Correção de bugs no relatório | C6: ='Controle de Demandas'!M4 -> #NAME? | D6: ='Controle de Demandas'!J4 -> 2 | E6: ='Controle de Demandas'!K4 -> 0.85 | F6: =SE(D6<0,"🔴 URGENTE: Reprogramar",SE(E6<0.3,"🟡 Acelerar execução","🟢 Monitorar")) -> #NAME?
A7: ='Controle de Demandas'!A5 -> 3 | B7: ='Controle de Demandas'!B5 -> Implementar dashboard analytics | C7: ='Controle de Demandas'!M5 -> #NAME? | D7: ='Controle de Demandas'!J5 -> 15 | E7: ='Controle de Demandas'!K5 -> 0.2 | F7: =SE(D7<0,"🔴 URGENTE: Reprogramar",SE(E7<0.3,"🟡 Acelerar execução","🟢 Monitorar")) -> #NAME?
A10: 💚 INDICADORES DE SAÚDE DO PROJETO
A11: Métrica | B11: Valor Atual | C11: Meta | D11: Status
A12: Taxa de Conclusão no Prazo | B12: =CONT.SES('Controle de Demandas'!E:E,"Concluída",'Controle de Demandas'!J:J,">0")/CONT.SE('Controle de Demandas'!E:E,"Concluída") -> #NAME? | C12: 80% | D12: =SE(B12>=0.8,"🟢 Excelente",SE(B12>=0.6,"🟡 Atenção","🔴 Crítico")) -> #NAME?
A13: Progresso Médio Geral | B13: =MÉDIA('Controle de Demandas'!K3:K12) -> #NAME? | C13: 70% | D13: =SE(B13>=0.7,"🟢 Excelente",SE(B13>=0.5,"🟡 Atenção","🔴 Crítico")) -> #NAME?
A14: Taxa de Bloqueio | B14: =CONT.SE('Controle de Demandas'!E:E,"Bloqueada")/CONT.VALORES('Controle de Demandas'!A3:A12) -> #NAME? | C14: 10% | D14: =SE(B14<=0.1,"🟢 Excelente",SE(B14<=0.2,"🟡 Atenção","🔴 Crítico")) -> #NAME?
A15: Demandas Críticas em Risco | B15: =CONT.SES('Controle de Demandas'!D:D,"Crítica",'Controle de Demandas'!J:J,"<3") -> #NAME? | C15: 0 | D15: =SE(B15=0,"🟢 Excelente",SE(B15<=2,"🟡 Atenção","🔴 Crítico")) -> #NAME?

Sheet Instruções
A1: 📖 GUIA DE USO - VERSÃO LIGHT
A3: ⚡ BEM-VINDO À VERSÃO LIGHT!
A5: Esta versão inclui recursos avançados de visualização e análise:
A7: 📊 RECURSOS PRINCIPAIS:
A9: 1. CONTROLE DE DEMANDAS:
A10: • Tabela completa com todas as informações
A11: • Cálculos automáticos de prazos e riscos
A12: • Formatação condicional com cores inteligentes
A13: • Indicadores visuais de saúde (🟢🟡🔴)
A14: • Sistema de semáforo para riscos
A16: 2. DASHBOARD INTELIGENTE:
A17: • 8 KPIs principais atualizados em tempo real
... A63: 💡 Desenvolvido com Python + openpyxl
