Workbook

Sheet 🎯 Command Center
A1: 🎯 GGOV COMMAND CENTER - VISÃO EXECUTIVA 360°
A2: ⏰ Atualização em Tempo Real: 10/12/2025 às 22:12:27
A3: 📊 INDICADORES ESTRATÉGICOS EM TEMPO REAL
A4: 📋 Total Processos | B4: 🚀 Em Execução | C4: ✅ Concluídos | D4: ⏸️ Planejados | E4: 🔴 Atrasados | F4: 💯 Saúde Geral | G4: ⏱️ Prazo Médio | H4: 💰 Orçamento Total
A5: =COUNTA(A11:A20)-COUNTIF(A11:A20,"") -> -8 | B5: =CONT.SE(C11:C100,"Em execução") -> #NAME? | C5: =CONT.SE(C11:C100,"Concluída") -> #NAME? | D5: =CONT.SE(C11:C100,"Planejada")+CONT.SE(C11:C100,"Não iniciada") -> #NAME? | E5: =CONT.SE(L11:L100,"🔴*") -> #NAME? | F5: =MÉDIA(M11:M100) -> #NAME? | G5: =MÉDIA(K11:K100) -> #NAME? | H5: =SOMA(N11:N100) -> #NAME?
A6: 🔔 ALERTAS E NOTIFICAÇÕES AUTOMÁTICAS
A7: =SE(E5>0,"🔴 CRÍTICO: "&E5&" processo(s) atrasado(s)! Ação imediata necessária.","")&SE(F5<0.7," 🟡 ATENÇÃO: Saúde geral abaixo de 70%. Revisar processos.","")&SE(B5>D5," 🟢 SUCESSO: Mais processos em execução do que planejados!","") -> #NAME?
A9: 📂 PROCESSOS - VISÃO COMPLETA COM CARDS INTELIGENTES
A10: ID | B10: Processo | C10: Status | D10: % Concl. | E10: Etapas | F10: Responsáveis | G10: Início | H10: Término | I10: Duração | J10: Progresso | K10: Dias Rest. | L10: Alerta | M10: Saúde | N10: Orçamento | O10: SEI | P10: Detalhes
A11: 1 | B11: Mapeamento dos processos do Gabinete de Governança | C11: ='📂 Processo 1'!I2 -> #NAME? | D11: ='📂 Processo 1'!K2 -> #NAME? | E11: ='📂 Processo 1'!L2 -> #NAME? | F11: ='📂 Processo 1'!M2 -> #NAME? | G11: 46001 | H11: 46053 | I11: =H11-G11 -> 52 | J11: =D11 -> #NAME? | K11: =H11-HOJE() -> #NAME? | L11: =SE(K11<0,"🔴 ATRASADO "&ABS(K11)&" dias",SE(K11<3,"🟡 URGENTE",SE(K11<7,"🟠 ATENÇÃO","🟢 NO PRAZO"))) -> #NAME? | M11: =SE(D11>=0.8,"🟢 Excelente",SE(D11>=0.6,"🟡 Bom",SE(D11>=0.3,"🟠 Regular","🔴 Crítico"))) -> #NAME? | N11: 15000 | O11: 0000000000000 | P11: 📂 Processo 1

Sheet 📂 Processo 1
A1: 📂 PROCESSO 1: Mapeamento dos processos do Gabinete de Governança
A2: 📋 INFORMAÇÕES DO PROJETO | I2: =CONT.SE(B12:B17,"Concluída")&"/"&CONT.VALORES(A12:A17) -> #NAME? | K2: =MÉDIAA(H12:H17) -> #NAME? | L2: =I2 -> #NAME? | M2: =TEXTOJUNTAR(", ",VERDADEIRO,ÚNICO(C12:C17)) -> #NAME?
A3: SEI: | B3: 0000000000000 | D3: Prioridade: | E3: Alta | G3: Categoria: | H3: Mapeamento | J3: Status Geral: | K3: =SE(CONT.SE(B12:B17,"Concluída")=CONT.VALORES(A12:A17),"Concluída",SE(CONT.SE(B12:B17,"Em execução")>0,"Em execução",SE(CONT.SE(B12:B17,"Não iniciada")=CONT.VALORES(A12:A17),"Planejada","Em andamento"))) -> #NAME? | M3: % Conclusão: | N3: =MÉDIAA(H12:H17) -> #NAME?
A4: Data Início: | B4: 46001 | D4: Data Término: | E4: 46053 | G4: Duração: | H4: =B4-A4 -> #VALUE! | J4: Dias Restantes: | K4: =B4-HOJE() -> #NAME? | M4: Orçamento: | N4: 15000
A5: Descrição: | B5: Realizar o mapeamento completo dos processos administrativos e operacionais do Gabinete de Governança (GGOV), com a finalidade de otimizar o desempenho das atividades e garantir maior transparência, eficiência e controle nos fluxos de trabalho. O mapeamento englobará a identificação, documentação e análise de todos os processos-chave executados pelo GGOV, desde o planejamento até a execução das tarefas, visando proporcionar uma visão clara e detalhada de cada etapa, responsável, entrada e saída envolvidas.
A7: 🔄 ETAPAS DO PROCESSO - DETALHAMENTO COMPLETO
A8: 💡 Expandir cada etapa para ver tarefas detalhadas na seção abaixo
A11: Etapa | B11: Status | C11: Responsável | D11: Dt. Início | E11: Dt. Término | F11: Produtos/Entregas | G11: Dependências | H11: % Progresso | I11: Horas Est. | J11: Horas Real | K11: Peso | L11: Contrib. %
A12: Levantamento de Informações | B12: Em execução | C12: Luma Damon de Oliveira Melo | D12: 46001 | E12: 46038 | F12: Plano do projeto | G12: - | H12: 0.7 | I12: 80 | J12: 56 | K12: 0.15 | L12: =H12*K12 -> 0.105
A13: Mapeamento de Processos | B13: Em execução | C13: Suerlei Gondim Dutra | D13: 46001 | E13: 46053 | F13: Relatório de Levantamento de Dados Mapas de Processos (Diagramas) Relatório de Análise de Processos | G13: Etapa 1 | H13: 0.6 | I13: 120 | J13: 72 | K13: 0.25 | L13: =H13*K13 -> 0.15
A14: Análise de Processos | B14: Não iniciada | C14: Equipe GGOV | D14: 46039 | E14: 46068 | F14: Análise de eficiência e gargalos | G14: Etapa 1, 2 | H14: 0 | I14: 100 | J14: 0 | K14: 0.2 | L14: =H14*K14 -> 0
A15: Documentação e Relatório Final | B15: Não iniciada | C15: Equipe Técnica | D15: 46054 | E15: 46081 | F15: Relatório Final Consolidado | G15: Etapa 3 | H15: 0 | I15: 80 | J15: 0 | K15: 0.2 | L15: =H15*K15 -> 0
A16: Validação e Aprovação | B16: Não iniciada | C16: Direção GGOV | D16: 46073 | E16: 46091 | F16: Aprovação formal | G16: Etapa 4 | H16: 0 | I16: 40 | J16: 0 | K16: 0.1 | L16: =H16*K16 -> 0
A17: Entrega e Implementação | B17: Não iniciada | C17: Equipe GGOV Completa | D17: 46082 | E17: 46112 | F17: Processos implementados e ativos | G17: Etapa 5 | H17: 0 | I17: 60 | J17: 0 | K17: 0.1 | L17: =H17*K17 -> 0
A19: 📝 TAREFAS DETALHADAS POR ETAPA
A20: Etapa | B20: Tarefa | C20: Status | D20: Responsável | E20: Prioridade | F20: Prazo | G20: % Conclusão | H20: Horas | I20: Observações
A21: Etapa 1 | B21: 1. Realizar entrevistas com os responsáveis de cada área | C21: Em execução | D21: Luma Damon | E21: Alta | F21: 46006 | G21: 0.8 | H21: 20 | I21: Entrevistas em andamento
A22: Etapa 1 | B22: 2. Analisar documentos existentes, como manuais e fluxos anteriores | C22: Em execução | D22: Luma Damon | E22: Alta | F22: 46011 | G22: 0.7 | H22: 16 | I22: 70% dos documentos revisados
A23: Etapa 1 | B23: 3. Observar e registrar as atividades e etapas realizadas nas áreas de governança | C23: Em execução | D23: Luma Damon | E23: Média | F23: 46027 | G23: 0.6 | H23: 24 | I23: Observação em campo
A24: Etapa 1 | B24: 4. Criar um questionário para coletar dados com os responsáveis pelos processos | C24: Concluída | D24: Luma Damon | E24: Alta | F24: 46003 | G24: 1 | H24: 8 | I24: Questionário aplicado
A25: Etapa 1 | B25: 5. Identificar as entradas, saídas, recursos e responsáveis de cada processo | C25: Em execução | D25: Luma Damon | E25: Alta | F25: 46032 | G25: 0.5 | H25: 12 | I25: 50% identificado
A26: Etapa 2 | B26: 1. Documentar processos no formato AS-IS | C26: Em execução | D26: Suerlei Gondim | E26: Alta | F26: 46037 | G26: 0.7 | H26: 40 | I26: Documentação em progresso
A27: Etapa 2 | B27: 2. Criar diagramas de fluxo (BPMN) | C27: Em execução | D27: Suerlei Gondim | E27: Alta | F27: 46042 | G27: 0.6 | H27: 30 | I27: Diagramas iniciados
A28: Etapa 2 | B28: 3. Identificar gargalos e ineficiências | C28: Não iniciada | D28: Suerlei Gondim | E28: Média | F28: 46047 | G28: 0 | H28: 25 | I28: Aguardando mapeamento completo
A29: Etapa 2 | B29: 4. Consolidar relatório de levantamento | C29: Não iniciada | D29: Suerlei Gondim | E29: Média | F29: 46053 | G29: 0 | H29: 25 | I29: Etapa final do mapeamento

Sheet 📊 Dashboard
A1: 📊 DASHBOARD ANALÍTICO - INTELIGÊNCIA DE PROCESSOS
A4: Status | B4: Quantidade
A5: Em execução | B5: =CONT.SE('📂 Processo 1'!B:B,"Em execução") -> #NAME?
A6: Concluída | B6: =CONT.SE('📂 Processo 1'!B:B,"Concluída") -> #NAME?
A7: Não iniciada | B7: =CONT.SE('📂 Processo 1'!B:B,"Não iniciada") -> #NAME?
A8: Planejada | B8: =CONT.SE('📂 Processo 1'!B:B,"Planejada") -> #NAME?
A11: Total Etapas | B11: =CONT.VALORES('📂 Processo 1'!A12:A17) -> #NAME?
A12: Taxa Conclusão | B12: =CONT.SE('📂 Processo 1'!B12:B17,"Concluída")/CONT.VALORES('📂 Processo 1'!A12:A17) -> #NAME?
A13: Horas Planejadas | B13: =SOMA('📂 Processo 1'!I12:I17) -> #NAME?
A14: Horas Executadas | B14: =SOMA('📂 Processo 1'!J12:J17) -> #NAME?

Sheet 📖 Manual
A1: 📖 MANUAL DO SISTEMA REVOLUCIONÁRIO GGOV
A3: 🚀 SISTEMA REVOLUCIONÁRIO - COMMAND CENTER + WORKBENCH
A5: ✨ ARQUITETURA DO SISTEMA:
A7: 📊 PÁGINA 1: COMMAND CENTER (Visão Executiva 360°)
A8: • KPIs em tempo real: Total, Ativos, Concluídos, Atrasados, Saúde, Prazos, Orçamento
A9: • Alertas inteligentes automáticos baseados em regras
A10: • Cards de processos com informações completas em uma linha
A11: • Visualização: Status, %, Etapas, Responsáveis, Datas, Alertas, Saúde
A12: • Formatação condicional: Data Bars, escalas de cores, ícones
A13: • Sincronização automática com todas as abas de processos
A15: 📂 PÁGINA 2: PROCESSO 1 (Workbench Detalhado)
A16: • Informações do projeto: SEI, Prioridade, Categoria, Datas, Orçamento
... A94: 💎 Pronto para gerenciar todos os processos do GGOV!
