Workbook

Sheet Página inicial
A1: 🎯 GABINETE DE GOVERNANÇA - GERENCIAMENTO DE PROCESSOS (VERSÃO LIGHT)
A2: Processo | B2: Status | C2: Responsável | D2: Data de Início | E2: Data de Término | F2: % Concluído | G2: Tempo Estimado (dias) | H2: Tempo Real (dias) | I2: Dias Restantes | J2: Risco | K2: Saúde | L2: Link
A3: Mapeamento Processos GGOV | B3: Em execução | C3: Luma Damon / Suerlei Gondim | D3: 46001 | E3: 46053 | F3: ='Processo 1'!K2 -> 0 | G3: =G3-F3 | H3: =TODAY()-E3 -> -52 | I3: =G3-HOJE() | J3: =SE(I3<0,"🔴 Alto",SE(I3<5,"🟡 Médio","🟢 Baixo")) | K3: =IF(F3>=0.8,"🟢",IF(F3>=0.5,"🟡","🔴")) -> 🔴 | L3: Processo 1
A4: Atualização Normativas Internas | B4: Em execução | C4: Maria Santos | D4: 45996 | E4: 46011 | F4: 0.65 | G4: =G4-F4 | H4: =TODAY()-E4 -> -10 | I4: =G4-HOJE() | J4: =SE(I4<0,"🔴 Alto",SE(I4<5,"🟡 Médio","🟢 Baixo")) | K4: =IF(F4>=0.8,"🟢",IF(F4>=0.5,"🟡","🔴")) -> 🟡
A5: Implantação Sistema GED | B5: Planejada | C5: Carlos Pereira | D5: 46006 | E5: 46068 | F5: 0.15 | G5: =G5-F5 | H5: =TODAY()-E5 -> -67 | I5: =G5-HOJE() | J5: =SE(I5<0,"🔴 Alto",SE(I5<5,"🟡 Médio","🟢 Baixo")) | K5: =IF(F5>=0.8,"🟢",IF(F5>=0.5,"🟡","🔴")) -> 🔴
A6: Auditoria Processos Internos | B6: Em execução | C6: Ana Oliveira | D6: 45992 | E6: 46009 | F6: 0.8 | G6: =G6-F6 | H6: =TODAY()-E6 -> -8 | I6: =G6-HOJE() | J6: =SE(I6<0,"🔴 Alto",SE(I6<5,"🟡 Médio","🟢 Baixo")) | K6: =IF(F6>=0.8,"🟢",IF(F6>=0.5,"🟡","🔴")) -> 🟢
A7: Capacitação Equipe Governança | B7: Concluída | C7: Luís Almeida | D7: 45981 | E7: 45996 | F7: 1 | G7: =G7-F7 | H7: =TODAY()-E7 -> 5 | I7: =G7-HOJE() | J7: =SE(I7<0,"🔴 Alto",SE(I7<5,"🟡 Médio","🟢 Baixo")) | K7: =IF(F7>=0.8,"🟢",IF(F7>=0.5,"🟡","🔴")) -> 🟢

Sheet Processo 1
A1: Projeto Mapeamento dos processos do Gabinete de Governança | B1: Descrição da demanda | C1: Realizar o mapeamento completo dos processos administrativos e operacionais do Gabinete de Governança (GGOV), com a finalidade de otimizar o desempenho das atividades e garantir maior transparência, eficiência e controle nos fluxos de trabalho. | I1: Status atual | J1: Página inicial | K1: % Conclusão
A3: Número SEI: | B3: Prioridade: | C3: Categoria: | D3: Risco:
A6: Passos para entregar a demanda: | B6: Status | C6: Responsável | D6: Data de início | E6: Data de término | F6: Produtos | G6: % Progresso | H6: Dias Rest. | I6: Alerta | J6: Tarefas
A7: Levantamento de Informações | B7: Em execução | C7: Luma Damon de Oliveira Melo | D7: 46001 | E7: 46038 | F7: Plano do projeto | G7: 0.7 | H7: =E7-TODAY() -> 37 | I7: =IF(G8<0,"🔴",IF(G8<5,"🟡","🟢")) -> 🟡 | J7: 1. Realizar entrevistas 2. Coletar documentação
A8: Mapeamento de Processos | B8: Em execução | C8: Suerlei Gondim Dutra | D8: 46001 | E8: 46053 | F8: Relatório de Levantamento | G8: 0.6 | H8: =E8-TODAY() -> 52 | I8: =IF(G9<0,"🔴",IF(G9<5,"🟡","🟢")) -> 🟡 | J8: 1. Documentar processos 2. Identificar gargalos
A9: Análise de Processos | B9: Não iniciada | E9: 46068 | F9: Mapas de Processos (Diagramas) | G9: 0 | H9: =E9-TODAY() -> 67 | I9: =IF(G10<0,"🔴",IF(G10<5,"🟡","🟢")) -> 🟡 | J9: 1. Analisar eficiência 2. Propor melhorias
A10: Documentação e Relatório Final | B10: Não iniciada | E10: 46081 | F10: Relatório de Análise | G10: 0 | H10: =E10-TODAY() -> 80 | I10: =IF(G11<0,"🔴",IF(G11<5,"🟡","🟢")) -> 🟡 | J10: 1. Consolidar documentação 2. Preparar apresentação
A11: Validação e Aprovação | B11: Não iniciada | E11: 46091 | F11: Relatório Final Validado | G11: 0 | H11: =E11-TODAY() -> 90 | I11: =IF(G12<0,"🔴",IF(G12<5,"🟡","🟢")) -> 🟡 | J11: 1. Apresentar para stakeholders 2. Ajustar feedback
A12: Entrega e Implementação | B12: Não iniciada | E12: 46112 | F12: Processos Implementados | G12: 0 | H12: =E12-TODAY() -> 111 | I12: =IF(G13<0,"🔴",IF(G13<5,"🟡","🟢")) -> 🟡 | J12: 1. Treinar equipe 2. Monitorar implementação

Sheet Dashboard
A1: 📊 DASHBOARD EXECUTIVO - GABINETE DE GOVERNANÇA
A3: 📅 Atualizado em: 10/12/2025 às 15:32
A5: 🎯 INDICADORES-CHAVE DE PERFORMANCE (KPIs)
A6: 📋 Total Processos | B6: 🚀 Em Execução | C6: ✅ Concluídos | D6: ⏸️ Bloqueados | E6: 📈 Taxa Conclusão | F6: 💯 Saúde Média | G6: ⚠️ Processos Risco | H6: ⏱️ Prazo Médio
A7: =COUNTA('Página inicial'!A3:A100) -> 5 | B7: =COUNTIF('Página inicial'!B:B,"Em execução") -> 3 | C7: =COUNTIF('Página inicial'!B:B,"Concluída") -> 1 | D7: =COUNTIF('Página inicial'!B:B,"Bloqueada") -> 0 | E7: =IF(B7=0,"0%",TEXT(D7/B7,"0%")) -> 0% | F7: =AVERAGE('Página inicial'!F3:F20) -> 0.52 | G7: =COUNTIF('Página inicial'!J:J,"*Alto*") -> 0 | H7: =AVERAGE('Página inicial'!I3:I20)&" dias" -> 0
A10: 🚨 PROCESSOS QUE REQUEREM ATENÇÃO
A11: Processo | B11: Responsável | C11: Status | D11: % Progresso | E11: Dias Rest. | F11: Ação
A16: Status | B16: Quantidade
A17: Planejada | B17: =COUNTIF('Página inicial'!B:B,"Planejada") -> 1
A18: Em execução | B18: =COUNTIF('Página inicial'!B:B,"Planejada") -> 1
A19: Concluída | B19: =COUNTIF('Página inicial'!B:B,"Planejada") -> 1
A20: Bloqueada | B20: =COUNTIF('Página inicial'!B:B,"Planejada") -> 1
A24: Período | B24: Concluídas | C24: Iniciadas
A25: Semana 1 | B25: 1 | C25: 2
A26: Semana 2 | B26: 2 | C26: 1
A27: Semana 3 | B27: 1 | C27: 1
A28: Semana 4 | B28: 1 | C28: 1

Sheet Análise de Desempenho
A1: 📊 ANÁLISE DE DESEMPENHO E PRODUTIVIDADE
A3: 👤 DESEMPENHO POR RESPONSÁVEL
A4: Responsável | B4: Processos Ativos | C4: Concluídos | D4: % Conclusão | E4: Progresso Médio | F4: Avaliação
A5: Luma Damon de Oliveira Melo | B5: =COUNTIF('Página inicial'!C:C,"*Luma*") -> 1 | C5: =COUNTIFS('Página inicial'!C:C,"*Luma*",'Página inicial'!B:B,"Concluída") -> 0 | D5: =IF(B5=0,0,C5/B5) -> 0 | E5: =AVERAGEIF('Página inicial'!C:C,"*"&A5&"*",'Página inicial'!F:F) -> #DIV/0! | F5: =IF(E5>=0.7,"🟢 Excelente",IF(E5>=0.5,"🟡 Bom","🔴 Atenção")) -> #DIV/0!
A6: Suerlei Gondim Dutra | B6: =COUNTIF('Página inicial'!C:C,"*Luma*") -> 1 | C6: =COUNTIFS('Página inicial'!C:C,"*Luma*",'Página inicial'!B:B,"Concluída") -> 0 | D6: =IF(B6=0,0,C6/B6) -> 0 | E6: =AVERAGEIF('Página inicial'!C:C,"*"&A6&"*",'Página inicial'!F:F) -> #DIV/0! | F6: =IF(E6>=0.7,"🟢 Excelente",IF(E6>=0.5,"🟡 Bom","🔴 Atenção")) -> #DIV/0!
A7: Maria Santos | B7: =COUNTIF('Página inicial'!C:C,"*Luma*") -> 1 | C7: =COUNTIFS('Página inicial'!C:C,"*Luma*",'Página inicial'!B:B,"Concluída") -> 0 | D7: =IF(B7=0,0,C7/B7) -> 0 | E7: =AVERAGEIF('Página inicial'!C:C,"*"&A7&"*",'Página inicial'!F:F) -> 0.65 | F7: =IF(E7>=0.7,"🟢 Excelente",IF(E7>=0.5,"🟡 Bom","🔴 Atenção")) -> 🟡 Bom
A8: Carlos Pereira | B8: =COUNTIF('Página inicial'!C:C,"*Luma*") -> 1 | C8: =COUNTIFS('Página inicial'!C:C,"*Luma*",'Página inicial'!B:B,"Concluída") -> 0 | D8: =IF(B8=0,0,C8/B8) -> 0 | E8: =AVERAGEIF('Página inicial'!C:C,"*"&A8&"*",'Página inicial'!F:F) -> 0.15 | F8: =IF(E8>=0.7,"🟢 Excelente",IF(E8>=0.5,"🟡 Bom","🔴 Atenção")) -> 🔴 Atenção
A9: Ana Oliveira | B9: =COUNTIF('Página inicial'!C:C,"*Luma*") -> 1 | C9: =COUNTIFS('Página inicial'!C:C,"*Luma*",'Página inicial'!B:B,"Concluída") -> 0 | D9: =IF(B9=0,0,C9/B9) -> 0 | E9: =AVERAGEIF('Página inicial'!C:C,"*"&A9&"*",'Página inicial'!F:F) -> 0.8 | F9: =IF(E9>=0.7,"🟢 Excelente",IF(E9>=0.5,"🟡 Bom","🔴 Atenção")) -> 🟢 Excelente

Sheet Instruções
A1: 📖 GUIA DE USO - SISTEMA LUMA LIGHT
A3: ⚡ SISTEMA INTEGRADO GABINETE DE GOVERNANÇA - VERSÃO LIGHT
A5: Este sistema foi desenvolvido especificamente para o GGOV com base no modelo original,
A6: adicionando recursos avançados de visualização, análise e alertas.
A8: 📊 ABAS DO SISTEMA:
A10: 1. PÁGINA INICIAL:
A11: • Visão consolidada de todos os processos
A12: • Status, responsáveis, prazos e indicadores de saúde
A13: • Cálculos automáticos de tempo e risco
A14: • Formatação por cores para identificação rápida
A16: 2. PROCESSO 1 (Template):
A17: • Detalhamento completo do projeto
... A55: 💡 Sistema desenvolvido com Python + openpyxl para o Gabinete de Governança
