Workbook

Sheet Página inicial
A1: 🚀 GABINETE DE GOVERNANÇA - SISTEMA PRO DE GERENCIAMENTO DE PROCESSOS
A2: ID | B2: Processo | C2: Status | D2: Responsável | E2: Data Início | F2: Data Término | G2: % Concluído | H2: Tempo Est. | I2: Dias Rest. | J2: Risco
A3: 1 | B3: Mapeamento Processos GGOV | C3: Em execução | D3: Luma / Suerlei | E3: 46001 | F3: 46053 | G3: ='Processo 1'!#REF! -> #REF! | H3: =F3-E3 -> 52 | I3: =F3-TODAY() -> 52 | J3: =IF(I3<0,"🔴 Alto",IF(I3<5,"🟡 Médio","🟢 Baixo")) -> 🟢 Baixo
A4: 2
A5: 3
A6: 4
A7: 5
A8: 6

Sheet Processo 1
A1: Projeto Mapeamento dos processos do Gabinete de Governança | B1: Descrição da demanda | C1: Realizar o mapeamento completo dos processos administrativos e operacionais do Gabinete de Governança (GGOV), com a finalidade de otimizar o desempenho das atividades e garantir maior transparência, eficiência e controle nos fluxos de trabalho. | I1: Status atual | J1: Página inicial
A3: Número SEI: | B3: 0000000000000 | C3: Prioridade: | D3: Alta | E3: Categoria: | F3: Mapeamento | G3: Risco: | H3: =IF(COUNTIF(B8:B13,"Não iniciada")>3,"🔴 Alto",IF(AVERAGE(H8:H13)<0.5,"🟡 Médio","🟢 Baixo")) -> 🟢 Baixo
A4: Data Início: | B4: 46001 | C4: Data Término: | D4: 46053 | E4: Duração Total: | F4: =D4-B4 -> 52 | G4: Dias Restantes: | H4: =D4-TODAY() -> 52
A7: Passos | B7: Status | C7: Responsável | D7: Dt. Início | E7: Dt. Término | F7: Produtos | G7: Dependência | H7: % Progresso | I7: Horas Est. | J7: Horas Real | K7: Tarefas
A8: Levantamento de Informações | B8: Em execução | C8: Luma Damon | D8: 46001 | E8: 46038 | F8: Plano do projeto | G8: - | H8: 0.7 | I8: 80 | J8: 56 | K8: 1. Entrevistas 2. Coleta docs
A9: Mapeamento de Processos | B9: Em execução | C9: Suerlei Gondim | D9: 46001 | E9: 46053 | F9: Relatório Levantamento | G9: Passo 1 | H9: 0.6 | I9: 120 | J9: 72 | K9: 1. Documentar 2. Identificar gargalos

Sheet Gantt
A1: 📅 GRÁFICO DE GANTT - CRONOGRAMA VISUAL DOS PROCESSOS
A3: Processo | B3: Responsável | C3: Início | D3: Término | E3: Duração | F3: % Concl. | G3: Dezembro 2025 | K3: Janeiro 2026 | N3: Fevereiro 2026 | Q3: Março 2026
A4: Mapeamento GGOV | B4: Luma/Suerlei | C4: 46001 | D4: 46053 | E4: 52 | F4: 0.65
A5: Atualização Normativas | B5: Maria Santos | C5: 45996 | D5: 46011 | E5: 15 | F5: 0.65
A6: Implantação GED | B6: Carlos Pereira | C6: 46006 | D6: 46068 | E6: 62 | F6: 0.15
A7: Auditoria Processos | B7: Ana Oliveira | C7: 45992 | D7: 46009 | E7: 17 | F7: 0.8
A8: Capacitação Equipe | B8: Luís Almeida | C8: 45981 | D8: 45996 | E8: 15 | F8: 1
A9: Revisão Compliance | B9: Roberto Silva | C9: 45999 | D9: 46019 | E9: 20 | F9: 0.4
A12: Legenda: | B12: ■ Concluído (100%) | C12: ■ Em andamento (50-99%) | D12: ■ Iniciado (0-49%)

Sheet Análise de Recursos
A1: 👥 ANÁLISE DE CARGA E ALOCAÇÃO DE RECURSOS
A3: Responsável | B3: Processos Ativos | C3: Horas Alocadas | D3: % Capacidade | E3: Processos Concluídos | F3: Taxa Sucesso | G3: Status
A4: Luma Damon de Oliveira Melo | B4: 2 | C4: 136 | D4: =C4/160 -> 0.85 | E4: 0 | F4: =E4/(B4+E4) -> 0 | G4: =IF(D4>0.9,"🔴 Sobrecarga",IF(D4>0.7,"🟡 Alta","🟢 Normal")) -> 🟡 Alta
A5: Suerlei Gondim Dutra | B5: 1 | C5: 72 | D5: =C5/160 -> 0.45 | E5: 0 | F5: =E5/(B5+E5) -> 0 | G5: =IF(D5>0.9,"🔴 Sobrecarga",IF(D5>0.7,"🟡 Alta","🟢 Normal")) -> 🟢 Normal
A6: Maria Santos | B6: 1 | C6: 80 | D6: =C6/160 -> 0.5 | E6: 1 | F6: =E6/(B6+E6) -> 0.5 | G6: =IF(D6>0.9,"🔴 Sobrecarga",IF(D6>0.7,"🟡 Alta","🟢 Normal")) -> 🟢 Normal
A7: Carlos Pereira | B7: 1 | C7: 120 | D7: =C7/160 -> 0.75 | E7: 0 | F7: =E7/(B7+E7) -> 0 | G7: =IF(D7>0.9,"🔴 Sobrecarga",IF(D7>0.7,"🟡 Alta","🟢 Normal")) -> 🟡 Alta
A8: Ana Oliveira | B8: 1 | C8: 60 | D8: =C8/160 -> 0.375 | E8: 1 | F8: =E8/(B8+E8) -> 0.5 | G8: =IF(D8>0.9,"🔴 Sobrecarga",IF(D8>0.7,"🟡 Alta","🟢 Normal")) -> 🟢 Normal
A9: Luís Almeida | B9: 0 | C9: 0 | D9: =C9/160 -> 0 | E9: 2 | F9: =E9/(B9+E9+0.01) -> 0.99502488 | G9: =IF(D9>0.9,"🔴 Sobrecarga",IF(D9>0.7,"🟡 Alta","🟢 Normal")) -> 🟢 Normal
A10: Roberto Silva | B10: 1 | C10: 90 | D10: =C10/160 -> 0.5625 | E10: 0 | F10: =E10/(B10+E10) -> 0 | G10: =IF(D10>0.9,"🔴 Sobrecarga",IF(D10>0.7,"🟡 Alta","🟢 Normal")) -> 🟢 Normal
A13: Responsável | B13: % Capacidade
A14: Luma | B14: =C4/160 -> 0.85
A15: Suerlei | B15: =C5/160 -> 0.45
A16: Maria | B16: =C6/160 -> 0.5
A17: Carlos | B17: =C7/160 -> 0.75
A18: Ana | B18: =C8/160 -> 0.375
A19: Luís | B19: =C9/160 -> 0
A20: Roberto | B20: =C10/160 -> 0.5625

Sheet Dashboard
A1: 📊 DASHBOARD EXECUTIVO PRO - VISÃO ESTRATÉGICA COMPLETA
A3: 📅 Atualizado: 10/12/2025 15:58
A5: 🎯 KPIs ESTRATÉGICOS
A6: 📋 Total | B6: 🚀 Ativos | C6: ✅ Concluídos | D6: ⚠️ Risco Alto | E6: 📈 Taxa Conclusão | F6: 💯 Saúde Média | G6: 💰 Orç. Total | H6: ⏱️ Eficiência
A7: =COUNTA('Página inicial'!A3:A100) -> 6 | B7: =COUNTIF('Página inicial'!C:C,"Em execução") -> 1 | C7: =COUNTIF('Página inicial'!C:C,"Concluída") -> 0 | D7: =COUNTIF('Página inicial'!J:J,"*Alto*") -> 0 | E7: =TEXT(C7/B7,"0%") -> 0% | F7: =AVERAGE('Página inicial'!G3:G20) -> #REF! | G7: =SUM('Página inicial'!#REF!) -> #REF! | H7: =AVERAGE('Processo 1'!J4) -> #DIV/0!
A10: Status | B10: Qtd
A11: Em execução | B11: =COUNTIF('Página inicial'!C:C,"Em execução") -> 1
A12: Concluída | B12: =COUNTIF('Página inicial'!C:C,"Em execução") -> 1
A13: Planejada | B13: =COUNTIF('Página inicial'!C:C,"Em execução") -> 1
A14: Bloqueada | B14: =COUNTIF('Página inicial'!C:C,"Em execução") -> 1

Sheet Automações
A1: 🤖 AUTOMAÇÕES E REGRAS INTELIGENTES
A4: ⚡ REGRAS AUTOMÁTICAS ATIVAS:
A6: 1. Cálculo automático de % Conclusão baseado na média dos passos
A7: 2. Indicador de Risco calculado por dias restantes e prioridade
A8: 3. Status do processo atualizado conforme andamento dos passos
A9: 4. Alertas de sobrecarga quando capacidade > 90%
A10: 5. Dias restantes calculados automaticamente
A11: 6. Eficiência orçamentária calculada (Real vs Estimado)
A12: 7. Escala de cores automática por progresso
A13: 8. Data Bars visuais para % de conclusão
A15: 🔔 ALERTAS CONFIGURADOS:
A17: • 🔴 Processos atrasados (dias restantes < 0)
... A27: • Capacidade = Horas Alocadas / 160h mensais

Sheet Instruções
A1: 📖 MANUAL DO USUÁRIO - VERSÃO PRO
A3: 🚀 SISTEMA PRO - GABINETE DE GOVERNANÇA
A5: Versão profissional com recursos avançados de gestão de processos.
A7: 📊 ABAS DO SISTEMA:
A9: 1. PÁGINA INICIAL - Visão consolidada de todos os processos
A10: 2. PROCESSO 1 - Template detalhado (copie para novos processos)
A11: 3. GANTT - Cronograma visual com barras de progresso
A12: 4. ANÁLISE DE RECURSOS - Carga de trabalho e alocação
A13: 5. DASHBOARD - KPIs estratégicos e gráficos
A14: 6. AUTOMAÇÕES - Regras e alertas inteligentes
A15: 7. INSTRUÇÕES - Este guia
A17: 🎯 RECURSOS PRO:
... A41: 5. Compare orçamento estimado vs real constantemente
