Workbook

Sheet Controle de Demandas
A1: ID | B1: Demanda | C1: Responsável | D1: Prioridade | E1: Status | F1: Data Abertura | G1: Prazo | H1: Data Conclusão | I1: Dias Decorridos | J1: Dias Restantes | K1: % Progresso | L1: Categoria
A2: 1 | B2: Desenvolvimento do módulo de login | C2: João Silva | D2: Alta | E2: Em Andamento | F2: 45992 | G2: 46006 | I2: =HOJE()-F2 -> #NAME? | J2: =G2-HOJE() -> #NAME? | K2: 60% | L2: Desenvolvimento
A3: 2 | B3: Correção de bugs no relatório | C3: Maria Santos | D3: Crítica | E3: Em Andamento | F3: 45996 | G3: 46003 | I3: =HOJE()-F3 -> #NAME? | J3: =G3-HOJE() -> #NAME? | K3: 80% | L3: Correção
A4: 3 | B4: Implementar dashboard analytics | C4: Pedro Costa | D4: Média | E4: Planejada | F4: 45999 | G4: 46011 | I4: =HOJE()-F4 -> #NAME? | J4: =G4-HOJE() -> #NAME? | K4: 30% | L4: Desenvolvimento
A5: 4 | B5: Atualização da documentação | C5: Ana Oliveira | D5: Baixa | E5: Concluída | F5: 45981 | G5: 45996 | H5: 45994 | I5: =HOJE()-F5 -> #NAME? | J5: =G5-HOJE() -> #NAME? | K5: 100% | L5: Documentação
A6: 5 | B6: Teste de integração API | C6: Carlos Lima | D6: Alta | E6: Em Andamento | F6: 45998 | G6: 46005 | I6: =HOJE()-F6 -> #NAME? | J6: =G6-HOJE() -> #NAME? | K6: 45% | L6: Teste

Sheet Dashboard
A1: 📊 DASHBOARD - GERENCIAMENTO DE DEMANDAS
A4: Total de Demandas | C4: Em Andamento | E4: Concluídas | G4: Atrasadas | I4: Taxa de Conclusão
A5: =CONT.VALORES('Controle de Demandas'!A2:A100) -> #NAME? | C5: =CONT.SE('Controle de Demandas'!E:E,"Em Andamento") -> #NAME? | E5: =CONT.SE('Controle de Demandas'!E:E,"Concluída") -> #NAME? | G5: =CONT.SE('Controle de Demandas'!J:J,"<0") -> #NAME? | I5: =SE(B4=0,"0%",TEXTO(D4/B4,"0%")) -> #NAME?
A8: Status | B8: Quantidade
A9: Planejada | B9: =CONT.SE('Controle de Demandas'!E:E,"Planejada") -> #NAME?
A10: Em Andamento | B10: =CONT.SE('Controle de Demandas'!E:E,"Em Andamento") -> #NAME?
A11: Concluída | B11: =CONT.SE('Controle de Demandas'!E:E,"Concluída") -> #NAME?
A12: Cancelada | B12: =CONT.SE('Controle de Demandas'!E:E,"Cancelada") -> #NAME?
A13: Bloqueada | B13: =CONT.SE('Controle de Demandas'!E:E,"Bloqueada") -> #NAME?
A16: Prioridade | B16: Quantidade
A17: Crítica | B17: =CONT.SE('Controle de Demandas'!D:D,"Crítica") -> #NAME?
A18: Alta | B18: =CONT.SE('Controle de Demandas'!D:D,"Alta") -> #NAME?
A19: Média | B19: =CONT.SE('Controle de Demandas'!D:D,"Média") -> #NAME?
A20: Baixa | B20: =CONT.SE('Controle de Demandas'!D:D,"Baixa") -> #NAME?
A24: Categoria | B24: Quantidade
A25: Desenvolvimento | B25: =CONT.SE('Controle de Demandas'!L:L,"Desenvolvimento") -> #NAME?
A26: Correção | B26: =CONT.SE('Controle de Demandas'!L:L,"Correção") -> #NAME?
A27: Teste | B27: =CONT.SE('Controle de Demandas'!L:L,"Teste") -> #NAME?
A28: Documentação | B28: =CONT.SE('Controle de Demandas'!L:L,"Documentação") -> #NAME?
A29: Infraestrutura | B29: =CONT.SE('Controle de Demandas'!L:L,"Infraestrutura") -> #NAME?
A30: Análise | B30: =CONT.SE('Controle de Demandas'!L:L,"Análise") -> #NAME?

Sheet Relatórios
A1: 📋 RELATÓRIOS E ANÁLISES
A3: ⚠️ DEMANDAS ATRASADAS
A4: ID | B4: Demanda | C4: Responsável | D4: Prazo | E4: Dias de Atraso | F4: Status | G4: Prioridade
A5: =SE('Controle de Demandas'!J2<0,'Controle de Demandas'!A2,"") -> #NAME? | B5: =SE('Controle de Demandas'!J2<0,'Controle de Demandas'!B2,"") -> #NAME? | C5: =SE('Controle de Demandas'!J2<0,'Controle de Demandas'!C2,"") -> #NAME? | D5: =SE('Controle de Demandas'!J2<0,'Controle de Demandas'!G2,"") -> #NAME? | E5: =SE('Controle de Demandas'!J2<0,ABS('Controle de Demandas'!J2),"") -> #NAME? | F5: =SE('Controle de Demandas'!J2<0,'Controle de Demandas'!E2,"") -> #NAME? | G5: =SE('Controle de Demandas'!J2<0,'Controle de Demandas'!D2,"") -> #NAME?
A10: 👤 RESUMO POR RESPONSÁVEL
A11: Responsável | B11: Total | C11: Concluídas | D11: Em Andamento
A12: João Silva | B12: =CONT.SE('Controle de Demandas'!C:C,"João Silva") -> #NAME? | C12: =CONT.SES('Controle de Demandas'!C:C,"João Silva",'Controle de Demandas'!E:E,"Concluída") -> #NAME? | D12: =CONT.SES('Controle de Demandas'!C:C,"João Silva",'Controle de Demandas'!E:E,"Em Andamento") -> #NAME?
A13: Maria Santos | B13: =CONT.SE('Controle de Demandas'!C:C,"Maria Santos") -> #NAME? | C13: =CONT.SES('Controle de Demandas'!C:C,"Maria Santos",'Controle de Demandas'!E:E,"Concluída") -> #NAME? | D13: =CONT.SES('Controle de Demandas'!C:C,"Maria Santos",'Controle de Demandas'!E:E,"Em Andamento") -> #NAME?
A14: Pedro Costa | B14: =CONT.SE('Controle de Demandas'!C:C,"Pedro Costa") -> #NAME? | C14: =CONT.SES('Controle de Demandas'!C:C,"Pedro Costa",'Controle de Demandas'!E:E,"Concluída") -> #NAME? | D14: =CONT.SES('Controle de Demandas'!C:C,"Pedro Costa",'Controle de Demandas'!E:E,"Em Andamento") -> #NAME?
A15: Ana Oliveira | B15: =CONT.SE('Controle de Demandas'!C:C,"Ana Oliveira") -> #NAME? | C15: =CONT.SES('Controle de Demandas'!C:C,"Ana Oliveira",'Controle de Demandas'!E:E,"Concluída") -> #NAME? | D15: =CONT.SES('Controle de Demandas'!C:C,"Ana Oliveira",'Controle de Demandas'!E:E,"Em Andamento") -> #NAME?
A16: Carlos Lima | B16: =CONT.SE('Controle de Demandas'!C:C,"Carlos Lima") -> #NAME? | C16: =CONT.SES('Controle de Demandas'!C:C,"Carlos Lima",'Controle de Demandas'!E:E,"Concluída") -> #NAME? | D16: =CONT.SES('Controle de Demandas'!C:C,"Carlos Lima",'Controle de Demandas'!E:E,"Em Andamento") -> #NAME?

Sheet Configurações
A1: ⚙️ CONFIGURAÇÕES DO SISTEMA
B3: Opção | C3: Valor
A4: Prioridades: | B4: Crítica
B5: Alta
B6: Média
B7: Baixa
A9: Status: | B9: Planejada
B10: Em Andamento
B11: Concluída
B12: Cancelada
B13: Bloqueada
A15: Categorias: | B15: Desenvolvimento
B16: Correção
B17: Teste
B18: Documentação
B19: Infraestrutura
B20: Análise
A23: 📖 INSTRUÇÕES DE USO:
A24: 1. Use a aba 'Controle de Demandas' para adicionar e gerenciar suas tarefas
A25: 2. Preencha todos os campos obrigatórios (ID, Demanda, Responsável, etc.)
A26: 3. Use as listas suspensas para Prioridade, Status e Categoria
A27: 4. As fórmulas de Dias Decorridos e Dias Restantes são automáticas
A28: 5. O Dashboard atualiza automaticamente conforme você adiciona demandas
A29: 6. Cores no Status: Verde=Concluída, Amarelo=Em Andamento, Vermelho=Bloqueada
A30: 7. Use a aba Relatórios para visualizar análises específicas
